"NSFTV","cluster","group"
"NSFTV_1",3,3
"NSFTV_3",5,3
"NSFTV_4",2,1
"NSFTV_5",10,3
"NSFTV_6",2,2
"NSFTV_7",6,3
"NSFTV_8",6,1
"NSFTV_9",3,2
"NSFTV_10",3,2
"NSFTV_13",2,2
"NSFTV_14",6,1
"NSFTV_16",10,2
"NSFTV_17",9,3
"NSFTV_18",2,2
"NSFTV_20",1,3
"NSFTV_22",6,1
"NSFTV_23",8,1
"NSFTV_24",8,1
"NSFTV_25",8,2
"NSFTV_26",8,1
"NSFTV_27",8,2
"NSFTV_29",9,3
"NSFTV_31",3,2
"NSFTV_32",3,2
"NSFTV_33",2,1
"NSFTV_34",9,3
"NSFTV_39",2,2
"NSFTV_40",6,1
"NSFTV_43",5,2
"NSFTV_44",2,1
"NSFTV_45",10,1
"NSFTV_46",8,1
"NSFTV_49",2,3
"NSFTV_50",2,3
"NSFTV_51",3,3
"NSFTV_53",10,1
"NSFTV_55",1,1
"NSFTV_57",5,2
"NSFTV_58",2,1
"NSFTV_59",6,2
"NSFTV_60",6,1
"NSFTV_61",5,2
"NSFTV_65",8,2
"NSFTV_67",3,2
"NSFTV_68",5,2
"NSFTV_69",8,3
"NSFTV_70",8,1
"NSFTV_71",9,1
"NSFTV_72",9,1
"NSFTV_73",8,2
"NSFTV_74",9,3
"NSFTV_75",6,1
"NSFTV_76",9,1
"NSFTV_77",9,2
"NSFTV_78",2,2
"NSFTV_79",1,3
"NSFTV_80",10,2
"NSFTV_81",2,3
"NSFTV_83",3,2
"NSFTV_84",6,1
"NSFTV_85",2,2
"NSFTV_87",6,1
"NSFTV_88",2,1
"NSFTV_89",6,3
"NSFTV_92",8,2
"NSFTV_93",10,1
"NSFTV_94",3,1
"NSFTV_96",6,3
"NSFTV_97",5,1
"NSFTV_98",4,3
"NSFTV_99",8,1
"NSFTV_100",1,1
"NSFTV_101",4,3
"NSFTV_103",3,2
"NSFTV_105",2,1
"NSFTV_106",9,1
"NSFTV_107",8,1
"NSFTV_108",6,2
"NSFTV_110",9,3
"NSFTV_113",3,1
"NSFTV_114",6,2
"NSFTV_115",3,2
"NSFTV_116",8,3
"NSFTV_117",5,2
"NSFTV_118",3,1
"NSFTV_119",9,1
"NSFTV_120",8,2
"NSFTV_121",1,2
"NSFTV_122",6,3
"NSFTV_123",5,1
"NSFTV_125",5,1
"NSFTV_126",9,3
"NSFTV_128",1,1
"NSFTV_129",5,1
"NSFTV_130",5,1
"NSFTV_131",2,3
"NSFTV_132",9,2
"NSFTV_134",1,3
"NSFTV_137",5,1
"NSFTV_139",4,3
"NSFTV_140",6,1
"NSFTV_141",9,1
"NSFTV_142",9,2
"NSFTV_143",3,1
"NSFTV_145",9,3
"NSFTV_147",6,1
"NSFTV_149",6,2
"NSFTV_150",4,1
"NSFTV_151",3,2
"NSFTV_152",2,3
"NSFTV_153",2,1
"NSFTV_154",3,3
"NSFTV_155",3,2
"NSFTV_156",5,2
"NSFTV_157",3,1
"NSFTV_158",3,1
"NSFTV_160",10,2
"NSFTV_161",9,3
"NSFTV_162",9,2
"NSFTV_163",9,2
"NSFTV_164",6,2
"NSFTV_165",6,2
"NSFTV_166",7,1
"NSFTV_168",7,3
"NSFTV_171",5,2
"NSFTV_173",3,1
"NSFTV_174",6,3
"NSFTV_176",6,3
"NSFTV_177",3,1
"NSFTV_178",2,3
"NSFTV_179",3,1
"NSFTV_180",3,1
"NSFTV_181",3,3
"NSFTV_182",1,2
"NSFTV_183",8,1
"NSFTV_184",1,3
"NSFTV_185",8,2
"NSFTV_186",3,1
"NSFTV_187",4,3
"NSFTV_188",6,3
"NSFTV_189",5,1
"NSFTV_190",4,1
"NSFTV_191",10,3
"NSFTV_192",3,3
"NSFTV_193",6,2
"NSFTV_195",8,3
"NSFTV_197",6,2
"NSFTV_198",4,1
"NSFTV_199",6,1
"NSFTV_200",2,3
"NSFTV_201",6,3
"NSFTV_202",8,3
"NSFTV_203",5,3
"NSFTV_205",1,1
"NSFTV_206",7,3
"NSFTV_207",9,1
"NSFTV_208",5,3
"NSFTV_209",5,3
"NSFTV_204",1,3
"NSFTV_211",6,3
"NSFTV_212",8,2
"NSFTV_213",8,2
"NSFTV_214",4,1
"NSFTV_215",8,2
"NSFTV_217",4,2
"NSFTV_218",6,3
"NSFTV_219",1,2
"NSFTV_220",3,2
"NSFTV_221",10,3
"NSFTV_222",5,2
"NSFTV_223",8,3
"NSFTV_224",3,2
"NSFTV_225",3,1
"NSFTV_226",6,2
"NSFTV_228",2,1
"NSFTV_232",3,3
"NSFTV_233",3,1
"NSFTV_234",5,3
"NSFTV_235",5,2
"NSFTV_236",6,3
"NSFTV_237",1,1
"NSFTV_240",8,3
"NSFTV_241",9,2
"NSFTV_242",8,3
"NSFTV_243",3,1
"NSFTV_248",1,1
"NSFTV_250",3,1
"NSFTV_251",4,2
"NSFTV_252",9,1
"NSFTV_254",9,2
"NSFTV_255",5,1
"NSFTV_257",1,3
"NSFTV_258",6,2
"NSFTV_259",7,1
"NSFTV_261",2,2
"NSFTV_262",2,2
"NSFTV_264",1,3
"NSFTV_266",1,2
"NSFTV_267",3,3
"NSFTV_268",3,1
"NSFTV_269",9,1
"NSFTV_270",1,1
"NSFTV_271",1,3
"NSFTV_272",7,2
"NSFTV_273",8,1
"NSFTV_274",6,1
"NSFTV_275",3,2
"NSFTV_276",2,2
"NSFTV_277",1,2
"NSFTV_278",9,1
"NSFTV_279",3,3
"NSFTV_280",8,3
"NSFTV_282",3,2
"NSFTV_283",1,3
"NSFTV_285",8,2
"NSFTV_286",8,3
"NSFTV_287",3,3
"NSFTV_288",3,2
"NSFTV_289",3,3
"NSFTV_290",3,3
"NSFTV_291",3,3
"NSFTV_293",7,2
"NSFTV_296",1,3
"NSFTV_297",1,3
"NSFTV_298",9,3
"NSFTV_299",5,3
"NSFTV_300",1,2
"NSFTV_301",3,2
"NSFTV_302",3,3
"NSFTV_303",1,1
"NSFTV_304",9,2
"NSFTV_305",1,1
"NSFTV_306",3,2
"NSFTV_308",4,1
"NSFTV_309",8,1
"NSFTV_310",6,2
"NSFTV_311",3,1
"NSFTV_312",2,2
"NSFTV_313",9,1
"NSFTV_314",2,2
"NSFTV_315",9,3
"NSFTV_316",2,3
"NSFTV_317",2,3
"NSFTV_318",2,1
"NSFTV_320",2,1
"NSFTV_321",2,2
"NSFTV_323",2,2
"NSFTV_324",2,1
"NSFTV_325",5,2
"NSFTV_328",2,1
"NSFTV_329",2,3
"NSFTV_330",2,3
"NSFTV_331",2,3
"NSFTV_332",5,1
"NSFTV_333",3,1
"NSFTV_334",1,2
"NSFTV_335",6,1
"NSFTV_336",2,3
"NSFTV_337",5,3
"NSFTV_340",7,3
"NSFTV_341",2,2
"NSFTV_343",1,2
"NSFTV_344",10,2
"NSFTV_345",2,1
"NSFTV_346",2,1
"NSFTV_347",8,3
"NSFTV_348",5,3
"NSFTV_349",5,1
"NSFTV_350",6,1
"NSFTV_353",2,2
"NSFTV_355",3,3
"NSFTV_356",5,1
"NSFTV_357",2,3
"NSFTV_358",6,3
"NSFTV_359",2,2
"NSFTV_360",2,3
"NSFTV_361",1,1
"NSFTV_363",3,1
"NSFTV_364",6,2
"NSFTV_366",3,2
"NSFTV_367",6,2
"NSFTV_368",3,3
"NSFTV_369",2,3
"NSFTV_370",2,1
"NSFTV_371",2,1
"NSFTV_372",2,3
"NSFTV_376",1,2
"NSFTV_377",8,2
"NSFTV_378",2,2
"NSFTV_379",8,1
"NSFTV_380",3,3
"NSFTV_381",6,2
"NSFTV_384",8,3
"NSFTV_385",5,3
"NSFTV_386",8,1
"NSFTV_387",1,2
"NSFTV_389",6,3
"NSFTV_391",4,3
"NSFTV_392",8,3
"NSFTV_394",8,1
"NSFTV_395",8,3
"NSFTV_396",4,2
"NSFTV_398",9,2
"NSFTV_399",4,1
"NSFTV_400",9,2
"NSFTV_616",9,3
"NSFTV_619",4,2
"NSFTV_621",4,1
"NSFTV_622",1,3
"NSFTV_628",4,2
"NSFTV_12",10,3
"NSFTV_19",2,1
"NSFTV_30",9,2
"NSFTV_36",1,3
"NSFTV_54",6,2
"NSFTV_104",3,3
"NSFTV_169",3,3
"NSFTV_170",4,2
"NSFTV_172",5,1
"NSFTV_229",8,2
"NSFTV_245",3,2
"NSFTV_247",3,1
"NSFTV_263",3,1
"NSFTV_265",1,2
"NSFTV_281",1,2
"NSFTV_284",9,3
"NSFTV_292",3,2
"NSFTV_294",9,1
"NSFTV_295",3,3
"NSFTV_390",4,2
"NSFTV_620",9,1
"NSFTV_623",9,2
"NSFTV_624",4,1
"NSFTV_625",4,2
"NSFTV_626",9,2
"NSFTV_627",4,3
"NSFTV_630",4,3
"NSFTV_632",4,3
"NSFTV_633",9,3
"NSFTV_634",9,3
"NSFTV_244",6,3
"NSFTV_135",8,2
"NSFTV_326",2,1
"NSFTV_37",4,1
"NSFTV_629",1,1
"NSFTV_342",8,3
"NSFTV_319",2,3
"NSFTV_90",5,3
"NSFTV_327",2,3
"NSFTV_322",2,2
"NSFTV_112",10,1
"NSFTV_231",5,3
"NSFTV_227",7,1
"NSFTV_167",4,2
"NSFTV_253",8,1
"NSFTV_246",2,2
"NSFTV_239",8,2
"NSFTV_397",4,3
"NSFTV_618",1,2
"NSFTV_373",10,1
"NSFTV_260",10,2
"NSFTV_338",3,3
"NSFTV_249",1,1
"NSFTV_388",1,1
"NSFTV_365",3,3
"NSFTV_307",3,2
"NSFTV_21",5,2
"NSFTV_256",3,2
"NSFTV_339",5,3
"NSFTV_133",1,1
"NSFTV_216",3,1
